{
  "Right Option Key Sends": 0,
  "Tags": [],
  "Ansi 12 Color": {
    "Green Component": 0.5096293091773987,
    "Red Component": 0.4405802488327026,
    "Blue Component": 0.5168579816818237
  },
  "Link Color": {
    "Red Component": 0.023,
    "Color Space": "Calibrated",
    "Blue Component": 0.678,
    "Alpha Component": 1,
    "Green Component": 0.27
  },
  "Ansi 7 Color": {
    "Green Component": 0.8900123834609985,
    "Red Component": 0.916110634803772,
    "Blue Component": 0.7978110313415527
  },
  "Bold Color": {
    "Green Component": 0.5648583769798279,
    "Red Component": 0.5059919357299805,
    "Blue Component": 0.5636365413665771
  },
  "AWDS Tab Directory": "",
  "Ansi 9 Color": {
    "Green Component": 0.2132530063390732,
    "Red Component": 0.7417625784873962,
    "Blue Component": 0.07353043556213379
  },
  "Ansi 8 Color": {
    "Red Component": 0.5946377515792847,
    "Color Space": "Calibrated",
    "Blue Component": 0.6678997278213501,
    "Alpha Component": 1,
    "Green Component": 0.6518401503562927
  },
  "Rows": 57,
  "Default Bookmark": "No",
  "Ansi 4 Color": {
    "Green Component": 0.462659478187561,
    "Red Component": 0.1275488436222076,
    "Blue Component": 0.7823141813278198
  },
  "AWDS Tab Option": "Recycle",
  "Cursor Guide Color": {
    "Red Component": 0.65,
    "Color Space": "Calibrated",
    "Blue Component": 1,
    "Alpha Component": 0.25,
    "Green Component": 0.91
  },
  "Non-ASCII Anti Aliased": true,
  "Use Bright Bold": true,
  "Ansi 10 Color": {
    "Green Component": 0.3566595613956451,
    "Red Component": 0.2767199277877808,
    "Blue Component": 0.3829848766326904
  },
  "Ambiguous Double Width": false,
  "AWDS Pane Option": "Recycle",
  "Jobs to Ignore": ["rlogin", "ssh", "slogin", "telnet"],
  "Ansi 15 Color": {
    "Green Component": 0.9579439163208008,
    "Red Component": 0.9894341826438904,
    "Blue Component": 0.8640598058700562
  },
  "Foreground Color": {
    "Green Component": 0.5096293091773987,
    "Red Component": 0.4405802488327026,
    "Blue Component": 0.5168579816818237
  },
  "Bound Hosts": [],
  "Working Directory": "/Users/ze",
  "Blinking Cursor": false,
  "AWDS Window Option": "No",
  "Sync Title": false,
  "Prompt Before Closing 2": false,
  "BM Growl": true,
  "Command": "",
  "Description": "Default",
  "AWDS Pane Directory": "",
  "Disable Window Resizing": true,
  "Screen": -1,
  "Selection Color": {
    "Green Component": 0.155759260058403,
    "Red Component": 0,
    "Blue Component": 0.1937013864517212
  },
  "Mouse Reporting": true,
  "AWDS Window Directory": "",
  "Columns": 225,
  "Idle Code": 0,
  "Ansi 13 Color": {
    "Green Component": 0.3389629721641541,
    "Red Component": 0.3479863405227661,
    "Blue Component": 0.7290843725204468
  },
  "Custom Command": "No",
  "ASCII Anti Aliased": true,
  "Non Ascii Font": "Monaco 12",
  "Vertical Spacing": 1,
  "Use Bold Font": true,
  "Option Key Sends": 0,
  "Selected Text Color": {
    "Green Component": 0.5648583769798279,
    "Red Component": 0.5059919357299805,
    "Blue Component": 0.5636365413665771
  },
  "Background Color": {
    "Green Component": 0.1178361028432846,
    "Red Component": 0,
    "Blue Component": 0.1517027318477631
  },
  "Character Encoding": 4,
  "Ansi 11 Color": {
    "Green Component": 0.4071767330169678,
    "Red Component": 0.3243661820888519,
    "Blue Component": 0.4385056495666504
  },
  "Use Italic Font": true,
  "Unlimited Scrollback": true,
  "Keyboard Map": {
    "0xf702-0x280000": {
      "Text": "b",
      "Action": 10
    },
    "0xf70d-0x20000": {
      "Text": "[21;2~",
      "Action": 10
    },
    "0x7f-0x80000": {
      "Text": "0x1b 0x7f",
      "Action": 11
    },
    "0xf708-0x20000": {
      "Text": "[15;2~",
      "Action": 10
    },
    "0x33-0x40000": {
      "Text": "0x1b",
      "Action": 11
    },
    "0xf703-0x260000": {
      "Text": "[1;6C",
      "Action": 10
    },
    "0xf729-0x20000": {
      "Text": "[1;2H",
      "Action": 10
    },
    "0xf702-0x260000": {
      "Text": "[1;6D",
      "Action": 10
    },
    "0x38-0x40000": {
      "Text": "0x7f",
      "Action": 11
    },
    "0xf72b-0x40000": {
      "Text": "[1;5F",
      "Action": 10
    },
    "0xf70c-0x20000": {
      "Text": "[20;2~",
      "Action": 10
    },
    "0xf701-0x260000": {
      "Text": "[1;6B",
      "Action": 10
    },
    "0x32-0x40000": {
      "Text": "0x00",
      "Action": 11
    },
    "0xf707-0x20000": {
      "Text": "[1;2S",
      "Action": 10
    },
    "0xf703-0x240000": {
      "Text": "[1;5C",
      "Action": 10
    },
    "0xf700-0x260000": {
      "Text": "[1;6A",
      "Action": 10
    },
    "0xf702-0x240000": {
      "Text": "[1;5D",
      "Action": 10
    },
    "0x37-0x40000": {
      "Text": "0x1f",
      "Action": 11
    },
    "0x3-0x200000": {
      "Text": "0xd",
      "Action": 11
    },
    "0xf701-0x240000": {
      "Text": "[1;5B",
      "Action": 10
    },
    "0xf70b-0x20000": {
      "Text": "[19;2~",
      "Action": 10
    },
    "0xf703-0x220000": {
      "Text": "[1;2C",
      "Action": 10
    },
    "0xf739-0x0": {
      "Text": "",
      "Action": 13
    },
    "0xf728-0x0": {
      "Text": "0x4",
      "Action": 11
    },
    "0xf706-0x20000": {
      "Text": "[1;2R",
      "Action": 10
    },
    "0xf700-0x240000": {
      "Text": "[1;5A",
      "Action": 10
    },
    "0xf702-0x220000": {
      "Text": "[1;2D",
      "Action": 10
    },
    "0x36-0x40000": {
      "Text": "0x1e",
      "Action": 11
    },
    "0xf70f-0x20000": {
      "Text": "[24;2~",
      "Action": 10
    },
    "0xf701-0x220000": {
      "Text": "[1;2B",
      "Action": 10
    },
    "0xf70a-0x20000": {
      "Text": "[18;2~",
      "Action": 10
    },
    "0xf729-0x40000": {
      "Text": "[1;5H",
      "Action": 10
    },
    "0xf72b-0x20000": {
      "Text": "[1;2F",
      "Action": 10
    },
    "0xf700-0x220000": {
      "Text": "[1;2A",
      "Action": 10
    },
    "0x30-0x200000": {
      "Text": "0",
      "Action": 12
    },
    "0xf705-0x20000": {
      "Text": "[1;2Q",
      "Action": 10
    },
    "0x31-0x200000": {
      "Text": "1",
      "Action": 12
    },
    "0x33-0x200000": {
      "Text": "3",
      "Action": 12
    },
    "0x35-0x40000": {
      "Text": "0x1d",
      "Action": 11
    },
    "0x34-0x200000": {
      "Text": "4",
      "Action": 12
    },
    "0x32-0x200000": {
      "Text": "2",
      "Action": 12
    },
    "0x35-0x200000": {
      "Text": "5",
      "Action": 12
    },
    "0x36-0x200000": {
      "Text": "6",
      "Action": 12
    },
    "0x37-0x200000": {
      "Text": "7",
      "Action": 12
    },
    "0x2d-0x40000": {
      "Text": "0x1f",
      "Action": 11
    },
    "0x38-0x200000": {
      "Text": "8",
      "Action": 12
    },
    "0x2a-0x200000": {
      "Text": "*",
      "Action": 12
    },
    "0x39-0x200000": {
      "Text": "9",
      "Action": 12
    },
    "0x2b-0x200000": {
      "Text": "+",
      "Action": 12
    },
    "0xf70e-0x20000": {
      "Text": "[23;2~",
      "Action": 10
    },
    "0x2d-0x200000": {
      "Text": "-",
      "Action": 12
    },
    "0x2e-0x200000": {
      "Text": ".",
      "Action": 12
    },
    "0xf709-0x20000": {
      "Text": "[17;2~",
      "Action": 10
    },
    "0x7f-0x100000": {
      "Text": "0x15",
      "Action": 11
    },
    "0x2f-0x200000": {
      "Text": "/",
      "Action": 12
    },
    "0xf704-0x20000": {
      "Text": "[1;2P",
      "Action": 10
    },
    "0x34-0x40000": {
      "Text": "0x1c",
      "Action": 11
    },
    "0xf703-0x280000": {
      "Text": "f",
      "Action": 10
    }
  },
  "Window Type": 0,
  "Background Image Location": "",
  "Blur": false,
  "Badge Color": {
    "Red Component": 1,
    "Color Space": "Calibrated",
    "Blue Component": 0,
    "Alpha Component": 0.5,
    "Green Component": 0
  },
  "Scrollback Lines": 1000,
  "Send Code When Idle": false,
  "Close Sessions On End": true,
  "Terminal Type": "xterm-256color",